NaN;incorporated
CaN;topdressing
MgN;topdressing
AumS;topdressing
U;topdressing
AumN;topdressing
CaAumN;incorporated
NSAum;incorporated
N32;topdressing
Uf;incorporated
Ibdu;incorporated
Cdu;incorporated
sPsi;topdressing
sPco;incorporated
TSP;incorporated
Pac;incorporated
sPac;incorporated
DCaP;incorporated
CameP;incorporated
caP;incorporated
bs;incorporated
gPr;incorporated
KCl;incorporated
PS;incorporated
MAP;incorporated
DAP;incorporated
APP;incorporated
NP;incorporated
KP;incorporated
KN;incorporated
x8-15-15;incorporated
x12-12-24;incorporated
x15-15-15;incorporated
x9-18-27;incorporated
x8-24-8;incorporated
x8-24-16;incorporated
x12-24-8;incorporated
x12-24-12;incorporated
x9-12-24;incorporated
x10-20-10;incorporated
x8-16-8;incorporated
x18-46-0;incorporated
x10-10-17;incorporated
x12-36-12;incorporated
s4-16-10;incorporated
s5-10-10;incorporated
s5-20-5;incorporated
s6-12-16;incorporated
s6-16-10;incorporated
s10-20-0;incorporated
P7-15-6;incorporated
P8-8-10;incorporated
sP18;incorporated
sP45;incorporated
acP;incorporated
U46;incorporated
U46i;incorporated
U40S;incorporated
AumNS26;incorporated
AumNS21;incorporated
soN32;incorporated
soN20;incorporated
soN26;incorporated
CaNso;incorporated
MgNso;incorporated
N33;incorporated
Nplus;incorporated
Nac;incorporated
AumN33;incorporated
AumN27;incorporated
AumN20;incorporated
MgS;incorporated
AumS21;incorporated
cm;topdressing
dc;topdressing
dh;incorporated
bc;incorporated
bf;incorporated
bes;incorporated
sm;incorporated
sf;incorporated
sg;incorporated
sn;topdressing
sgs;incorporated
ss;incorporated
pm;incorporated
pl;topdressing
pb;incorporated
pt;incorporated
pd;topdressing
pg;incorporated
oh;topdressing
os;incorporated
og;topdressing
or;incorporated
d;topdressing
se;incorporated
ps;topdressing
rs;topdressing
pigs;topdressing
cs;incorporated